/Users/dongkyoo/Develop/gomson-tomcat-9/webapps/gomsonServer-0.0.1-SNAPSHOT/WEB-INF/classes/images/117340864_690778341778854_8720193685298545309_n.jpg,4,2
/Users/dongkyoo/Develop/gomson-tomcat-9/webapps/gomsonServer-0.0.1-SNAPSHOT/WEB-INF/classes/images/117566222_291783395485454_1102988245504737835_n.jpg,9,3
/Users/dongkyoo/Develop/gomson-tomcat-9/webapps/gomsonServer-0.0.1-SNAPSHOT/WEB-INF/classes/images/117112327_161796112245032_5217460139077911462_n.jpg,4,3
/Users/dongkyoo/Develop/gomson-tomcat-9/webapps/gomsonServer-0.0.1-SNAPSHOT/WEB-INF/classes/images/117269805_158396895845775_3568753292588769984_n.jpg,7,1
/Users/dongkyoo/Develop/gomson-tomcat-9/webapps/gomsonServer-0.0.1-SNAPSHOT/WEB-INF/classes/images/117259818_402277347402806_2547678483931182347_n.jpg,9,2
/Users/dongkyoo/Develop/gomson-tomcat-9/webapps/gomsonServer-0.0.1-SNAPSHOT/WEB-INF/classes/images/117424615_122321052608356_923953296560258213_n.jpg,7,3
/Users/dongkyoo/Develop/gomson-tomcat-9/webapps/gomsonServer-0.0.1-SNAPSHOT/WEB-INF/classes/images/117319383_308273627082457_1752626138447990696_n.jpg,9,3
/Users/dongkyoo/Develop/gomson-tomcat-9/webapps/gomsonServer-0.0.1-SNAPSHOT/WEB-INF/classes/images/117312222_4402497729768265_4682761154279692514_n.jpg,9,3
/Users/dongkyoo/Develop/gomson-tomcat-9/webapps/gomsonServer-0.0.1-SNAPSHOT/WEB-INF/classes/images/117400018_304115817699134_4405851329539017597_n.jpg,9,2
/Users/dongkyoo/Develop/gomson-tomcat-9/webapps/gomsonServer-0.0.1-SNAPSHOT/WEB-INF/classes/images/117335291_2380584982245359_810974291908250910_n.jpg,9,3
/Users/dongkyoo/Develop/gomson-tomcat-9/webapps/gomsonServer-0.0.1-SNAPSHOT/WEB-INF/classes/images/117585344_682888862326996_4953375911235406834_n.jpg,7,3
/Users/dongkyoo/Develop/gomson-tomcat-9/webapps/gomsonServer-0.0.1-SNAPSHOT/WEB-INF/classes/images/117191486_365357197785612_180200734066460389_n.jpg,9,0
/Users/dongkyoo/Develop/gomson-tomcat-9/webapps/gomsonServer-0.0.1-SNAPSHOT/WEB-INF/classes/images/117382802_408376063456749_5151089961075311582_n.jpg,9,2
/Users/dongkyoo/Develop/gomson-tomcat-9/webapps/gomsonServer-0.0.1-SNAPSHOT/WEB-INF/classes/images/117233600_595101164730425_6332500959634530479_n.jpg,14,2
/Users/dongkyoo/Develop/gomson-tomcat-9/webapps/gomsonServer-0.0.1-SNAPSHOT/WEB-INF/classes/images/117194505_323614485491833_5754534336502091116_n.jpg,9,1
/Users/dongkyoo/Develop/gomson-tomcat-9/webapps/gomsonServer-0.0.1-SNAPSHOT/WEB-INF/classes/images/117328453_345555633120235_8529765173503685995_n.jpg,4,0
/Users/dongkyoo/Develop/gomson-tomcat-9/webapps/gomsonServer-0.0.1-SNAPSHOT/WEB-INF/classes/images/117223801_189135515913979_4990372012078283411_n.jpg,9,0
/Users/dongkyoo/Develop/gomson-tomcat-9/webapps/gomsonServer-0.0.1-SNAPSHOT/WEB-INF/classes/images/117133088_808976646305454_60467940210249094_n.jpg,7,1
/Users/dongkyoo/Develop/gomson-tomcat-9/webapps/gomsonServer-0.0.1-SNAPSHOT/WEB-INF/classes/images/117232304_913784952466474_7666231550251081491_n.jpg,14,2
/Users/dongkyoo/Develop/gomson-tomcat-9/webapps/gomsonServer-0.0.1-SNAPSHOT/WEB-INF/classes/images/117306424_905798586577201_5935182024201904219_n.jpg,7,0
/Users/dongkyoo/Develop/gomson-tomcat-9/webapps/gomsonServer-0.0.1-SNAPSHOT/WEB-INF/classes/images/117402745_1021186834995587_8653967931360796584_n.jpg,14,3
/Users/dongkyoo/Develop/gomson-tomcat-9/webapps/gomsonServer-0.0.1-SNAPSHOT/WEB-INF/classes/images/117260406_112611217083336_5361476408505066418_n.jpg,9,2
/Users/dongkyoo/Develop/gomson-tomcat-9/webapps/gomsonServer-0.0.1-SNAPSHOT/WEB-INF/classes/images/117198414_2734653003483662_7021723517871047648_n.jpg,14,0
/Users/dongkyoo/Develop/gomson-tomcat-9/webapps/gomsonServer-0.0.1-SNAPSHOT/WEB-INF/classes/images/117623679_797565911013366_1334084874768289543_n.jpg,4,4
/Users/dongkyoo/Develop/gomson-tomcat-9/webapps/gomsonServer-0.0.1-SNAPSHOT/WEB-INF/classes/images/117111844_293539461911908_809637555896520064_n.jpg,14,3
/Users/dongkyoo/Develop/gomson-tomcat-9/webapps/gomsonServer-0.0.1-SNAPSHOT/WEB-INF/classes/images/117731686_182263943466797_2092050140077545655_n.jpg,4,4
/Users/dongkyoo/Develop/gomson-tomcat-9/webapps/gomsonServer-0.0.1-SNAPSHOT/WEB-INF/classes/images/117336973_621149645504453_3621928311816250448_n.jpg,7,1
/Users/dongkyoo/Develop/gomson-tomcat-9/webapps/gomsonServer-0.0.1-SNAPSHOT/WEB-INF/classes/images/117155157_4463072940399750_7125758593260140070_n.jpg,9,3
/Users/dongkyoo/Develop/gomson-tomcat-9/webapps/gomsonServer-0.0.1-SNAPSHOT/WEB-INF/classes/images/117175366_302107800865112_5868694775687443038_n.jpg,7,1
/Users/dongkyoo/Develop/gomson-tomcat-9/webapps/gomsonServer-0.0.1-SNAPSHOT/WEB-INF/classes/images/117242271_2737328136592680_5905633800713954716_n.jpg,0,3
/Users/dongkyoo/Develop/gomson-tomcat-9/webapps/gomsonServer-0.0.1-SNAPSHOT/WEB-INF/classes/images/117310507_815961235474772_5280567961139347911_n.jpg,3,3
/Users/dongkyoo/Develop/gomson-tomcat-9/webapps/gomsonServer-0.0.1-SNAPSHOT/WEB-INF/classes/images/117219821_676963709560287_495616175206349839_n.jpg,9,4
/Users/dongkyoo/Develop/gomson-tomcat-9/webapps/gomsonServer-0.0.1-SNAPSHOT/WEB-INF/classes/images/117567849_294286324969453_6388102282202764840_n.jpg,0,2
/Users/dongkyoo/Develop/gomson-tomcat-9/webapps/gomsonServer-0.0.1-SNAPSHOT/WEB-INF/classes/images/117112758_798755670898140_6137897403328391746_n.jpg,0,2
/Users/dongkyoo/Develop/gomson-tomcat-9/webapps/gomsonServer-0.0.1-SNAPSHOT/WEB-INF/classes/images/117362637_3094833627237701_2020755999800259271_n.jpg,10,2
/Users/dongkyoo/Develop/gomson-tomcat-9/webapps/gomsonServer-0.0.1-SNAPSHOT/WEB-INF/classes/images/117166822_588218128519903_9011070315663488554_n.jpg,3,4
/Users/dongkyoo/Develop/gomson-tomcat-9/webapps/gomsonServer-0.0.1-SNAPSHOT/WEB-INF/classes/images/101758601_126182502432634_2100926806956854380_n.jpg,3,2
/Users/dongkyoo/Develop/gomson-tomcat-9/webapps/gomsonServer-0.0.1-SNAPSHOT/WEB-INF/classes/images/117263587_290430552221679_7917392972594047591_n.jpg,10,0
/Users/dongkyoo/Develop/gomson-tomcat-9/webapps/gomsonServer-0.0.1-SNAPSHOT/WEB-INF/classes/images/100943902_146693390254461_4873414155499288632_n.jpg,0,1
/Users/dongkyoo/Develop/gomson-tomcat-9/webapps/gomsonServer-0.0.1-SNAPSHOT/WEB-INF/classes/images/117376923_311882763228174_185903954241248579_n.jpg,9,2
/Users/dongkyoo/Develop/gomson-tomcat-9/webapps/gomsonServer-0.0.1-SNAPSHOT/WEB-INF/classes/images/117301760_608283236729649_5702954239348557228_n.jpg,9,2
/Users/dongkyoo/Develop/gomson-tomcat-9/webapps/gomsonServer-0.0.1-SNAPSHOT/WEB-INF/classes/images/116950062_1271841836480918_8404334620875210638_n.jpg,9,0
/Users/dongkyoo/Develop/gomson-tomcat-9/webapps/gomsonServer-0.0.1-SNAPSHOT/WEB-INF/classes/images/117169215_327988191939885_5269231705119489964_n.jpg,10,1
/Users/dongkyoo/Develop/gomson-tomcat-9/webapps/gomsonServer-0.0.1-SNAPSHOT/WEB-INF/classes/images/117229113_585944875409505_5725242064489819644_n.jpg,10,3
/Users/dongkyoo/Develop/gomson-tomcat-9/webapps/gomsonServer-0.0.1-SNAPSHOT/WEB-INF/classes/images/117381342_650320642566384_5112891631025564410_n.jpg,2,5
/Users/dongkyoo/Develop/gomson-tomcat-9/webapps/gomsonServer-0.0.1-SNAPSHOT/WEB-INF/classes/images/117099345_1618115485010297_3862704852997354777_n.jpg,9,1
/Users/dongkyoo/Develop/gomson-tomcat-9/webapps/gomsonServer-0.0.1-SNAPSHOT/WEB-INF/classes/images/117327927_316557926250426_8597336636971472894_n.jpg,9,4
/Users/dongkyoo/Develop/gomson-tomcat-9/webapps/gomsonServer-0.0.1-SNAPSHOT/WEB-INF/classes/images/83497284_475525739795490_2223157995654755843_n.jpg,3,2
/Users/dongkyoo/Develop/gomson-tomcat-9/webapps/gomsonServer-0.0.1-SNAPSHOT/WEB-INF/classes/images/117567848_166630831658754_1908263865568903129_n.jpg,9,0
/Users/dongkyoo/Develop/gomson-tomcat-9/webapps/gomsonServer-0.0.1-SNAPSHOT/WEB-INF/classes/images/117289715_195836361890813_6865732418054747463_n.jpg,9,2
/Users/dongkyoo/Develop/gomson-tomcat-9/webapps/gomsonServer-0.0.1-SNAPSHOT/WEB-INF/classes/images/117313764_344917546705093_7471094486346849853_n.jpg,10,2
/Users/dongkyoo/Develop/gomson-tomcat-9/webapps/gomsonServer-0.0.1-SNAPSHOT/WEB-INF/classes/images/117331966_221205605884964_479567255246632378_n.jpg,9,2
/Users/dongkyoo/Develop/gomson-tomcat-9/webapps/gomsonServer-0.0.1-SNAPSHOT/WEB-INF/classes/images/117299902_1199666167071382_5071290851229171069_n.jpg,9,0
/Users/dongkyoo/Develop/gomson-tomcat-9/webapps/gomsonServer-0.0.1-SNAPSHOT/WEB-INF/classes/images/117597202_750144978863196_7085223570446720112_n.jpg,9,0
/Users/dongkyoo/Develop/gomson-tomcat-9/webapps/gomsonServer-0.0.1-SNAPSHOT/WEB-INF/classes/images/117262813_126746988781605_7101743104190008988_n.jpg,3,3
/Users/dongkyoo/Develop/gomson-tomcat-9/webapps/gomsonServer-0.0.1-SNAPSHOT/WEB-INF/classes/images/117401772_1173171479725025_2019875978793907347_n.jpg,9,0
/Users/dongkyoo/Develop/gomson-tomcat-9/webapps/gomsonServer-0.0.1-SNAPSHOT/WEB-INF/classes/images/117111337_1220218101665421_3911147531140991294_n.jpg,0,0
/Users/dongkyoo/Develop/gomson-tomcat-9/webapps/gomsonServer-0.0.1-SNAPSHOT/WEB-INF/classes/images/117278554_104331088001750_9012619615604838087_n.jpg,10,2
/Users/dongkyoo/Develop/gomson-tomcat-9/webapps/gomsonServer-0.0.1-SNAPSHOT/WEB-INF/classes/images/117275739_3421074844590195_6948763443417216349_n.jpg,10,1
/Users/dongkyoo/Develop/gomson-tomcat-9/webapps/gomsonServer-0.0.1-SNAPSHOT/WEB-INF/classes/images/117363921_657316688208082_4178759512403370112_n.jpg,5,1
/Users/dongkyoo/Develop/gomson-tomcat-9/webapps/gomsonServer-0.0.1-SNAPSHOT/WEB-INF/classes/images/117258700_727415328043693_1967001830134622827_n.jpg,0,4
/Users/dongkyoo/Develop/gomson-tomcat-9/webapps/gomsonServer-0.0.1-SNAPSHOT/WEB-INF/classes/images/117285290_2722306224716162_7208183572174276827_n.jpg,9,1
/Users/dongkyoo/Develop/gomson-tomcat-9/webapps/gomsonServer-0.0.1-SNAPSHOT/WEB-INF/classes/images/117538377_305017510752650_5959654081459713614_n.jpg,9,2
/Users/dongkyoo/Develop/gomson-tomcat-9/webapps/gomsonServer-0.0.1-SNAPSHOT/WEB-INF/classes/images/117250702_639706590259797_7915948326053227073_n.jpg,9,2
/Users/dongkyoo/Develop/gomson-tomcat-9/webapps/gomsonServer-0.0.1-SNAPSHOT/WEB-INF/classes/images/117285295_2620747794809468_4911424396691232211_n.jpg,0,3
/Users/dongkyoo/Develop/gomson-tomcat-9/webapps/gomsonServer-0.0.1-SNAPSHOT/WEB-INF/classes/images/117375116_294642771605034_991366710609903857_n.jpg,4,3
/Users/dongkyoo/Develop/gomson-tomcat-9/webapps/gomsonServer-0.0.1-SNAPSHOT/WEB-INF/classes/images/117275745_317607809429230_3828858187700529294_n.jpg,3,2
/Users/dongkyoo/Develop/gomson-tomcat-9/webapps/gomsonServer-0.0.1-SNAPSHOT/WEB-INF/classes/images/117292529_192632078875000_1441491748531238269_n.jpg,10,4
/Users/dongkyoo/Develop/gomson-tomcat-9/webapps/gomsonServer-0.0.1-SNAPSHOT/WEB-INF/classes/images/117353884_301366727802024_7054517204871300104_n.jpg,0,2
/Users/dongkyoo/Develop/gomson-tomcat-9/webapps/gomsonServer-0.0.1-SNAPSHOT/WEB-INF/classes/images/83559270_636971357139912_5513698016759281853_n.jpg,10,4
/Users/dongkyoo/Develop/gomson-tomcat-9/webapps/gomsonServer-0.0.1-SNAPSHOT/WEB-INF/classes/images/117246562_300354684518109_3458131591252141530_n.jpg,10,2
/Users/dongkyoo/Develop/gomson-tomcat-9/webapps/gomsonServer-0.0.1-SNAPSHOT/WEB-INF/classes/images/117362640_736314760273153_530449855006530499_n.jpg,0,1
/Users/dongkyoo/Develop/gomson-tomcat-9/webapps/gomsonServer-0.0.1-SNAPSHOT/WEB-INF/classes/images/117385473_685512525335024_4101320579678196016_n.jpg,0,0
/Users/dongkyoo/Develop/gomson-tomcat-9/webapps/gomsonServer-0.0.1-SNAPSHOT/WEB-INF/classes/images/117258700_746010699549604_4870687028883436747_n.jpg,9,1
/Users/dongkyoo/Develop/gomson-tomcat-9/webapps/gomsonServer-0.0.1-SNAPSHOT/WEB-INF/classes/images/116873230_588895998680327_7553960874207088990_n.jpg,6,1
/Users/dongkyoo/Develop/gomson-tomcat-9/webapps/gomsonServer-0.0.1-SNAPSHOT/WEB-INF/classes/images/117552500_985691468568944_4045882560304838511_n.jpg,9,2
/Users/dongkyoo/Develop/gomson-tomcat-9/webapps/gomsonServer-0.0.1-SNAPSHOT/WEB-INF/classes/images/117653493_309391750264173_1074497609357267809_n.jpg,0,2
/Users/dongkyoo/Develop/gomson-tomcat-9/webapps/gomsonServer-0.0.1-SNAPSHOT/WEB-INF/classes/images/117259823_342498940253063_4293952374303703455_n.jpg,9,3
/Users/dongkyoo/Develop/gomson-tomcat-9/webapps/gomsonServer-0.0.1-SNAPSHOT/WEB-INF/classes/images/117220728_2558715367679264_9158035506900674147_n.jpg,9,2
/Users/dongkyoo/Develop/gomson-tomcat-9/webapps/gomsonServer-0.0.1-SNAPSHOT/WEB-INF/classes/images/117253581_170063384570239_6432034874260253253_n.jpg,0,2
/Users/dongkyoo/Develop/gomson-tomcat-9/webapps/gomsonServer-0.0.1-SNAPSHOT/WEB-INF/classes/images/117773311_658463084877463_4234391323366275212_n.jpg,5,1
/Users/dongkyoo/Develop/gomson-tomcat-9/webapps/gomsonServer-0.0.1-SNAPSHOT/WEB-INF/classes/images/117524954_2556091144493772_5610533389153320877_n.jpg,3,1
/Users/dongkyoo/Develop/gomson-tomcat-9/webapps/gomsonServer-0.0.1-SNAPSHOT/WEB-INF/classes/images/117103882_293138655321174_6667025116086140985_n.jpg,3,2
/Users/dongkyoo/Develop/gomson-tomcat-9/webapps/gomsonServer-0.0.1-SNAPSHOT/WEB-INF/classes/images/117095073_858573451334836_5004066114940877991_n.jpg,3,3
/Users/dongkyoo/Develop/gomson-tomcat-9/webapps/gomsonServer-0.0.1-SNAPSHOT/WEB-INF/classes/images/117105808_320773088963751_3428902963436735275_n.jpg,0,0
/Users/dongkyoo/Develop/gomson-tomcat-9/webapps/gomsonServer-0.0.1-SNAPSHOT/WEB-INF/classes/images/117249669_1034944036960060_5351233163225845481_n.jpg,9,2
/Users/dongkyoo/Develop/gomson-tomcat-9/webapps/gomsonServer-0.0.1-SNAPSHOT/WEB-INF/classes/images/117301922_625917568038514_4943157994546427604_n.jpg,9,4
/Users/dongkyoo/Develop/gomson-tomcat-9/webapps/gomsonServer-0.0.1-SNAPSHOT/WEB-INF/classes/images/117606211_742092083000062_7839029635576047800_n.jpg,9,0
/Users/dongkyoo/Develop/gomson-tomcat-9/webapps/gomsonServer-0.0.1-SNAPSHOT/WEB-INF/classes/images/117369231_644836569571572_8555233523782868848_n.jpg,9,1
/Users/dongkyoo/Develop/gomson-tomcat-9/webapps/gomsonServer-0.0.1-SNAPSHOT/WEB-INF/classes/images/117417583_625453558348486_5913562575627034555_n.jpg,9,1
/Users/dongkyoo/Develop/gomson-tomcat-9/webapps/gomsonServer-0.0.1-SNAPSHOT/WEB-INF/classes/images/117147666_298305841405458_3981016982665835024_n.jpg,3,2
/Users/dongkyoo/Develop/gomson-tomcat-9/webapps/gomsonServer-0.0.1-SNAPSHOT/WEB-INF/classes/images/97097556_243601716898427_8621514409456141466_n.jpg,0,3
/Users/dongkyoo/Develop/gomson-tomcat-9/webapps/gomsonServer-0.0.1-SNAPSHOT/WEB-INF/classes/images/117171265_117357816582201_8260939616501042585_n.jpg,3,2
/Users/dongkyoo/Develop/gomson-tomcat-9/webapps/gomsonServer-0.0.1-SNAPSHOT/WEB-INF/classes/images/117292746_573912939971293_8567733808297903904_n.jpg,0,2
/Users/dongkyoo/Develop/gomson-tomcat-9/webapps/gomsonServer-0.0.1-SNAPSHOT/WEB-INF/classes/images/117223800_623534881916825_2600290177964689870_n.jpg,9,0
/Users/dongkyoo/Develop/gomson-tomcat-9/webapps/gomsonServer-0.0.1-SNAPSHOT/WEB-INF/classes/images/117387297_318593789189569_6863394201116492126_n.jpg,0,2
/Users/dongkyoo/Develop/gomson-tomcat-9/webapps/gomsonServer-0.0.1-SNAPSHOT/WEB-INF/classes/images/93517526_232851807964076_609634381706542943_n.jpg,0,3
/Users/dongkyoo/Develop/gomson-tomcat-9/webapps/gomsonServer-0.0.1-SNAPSHOT/WEB-INF/classes/images/117728422_338854370620443_7992405880273880305_n.jpg,9,2
/Users/dongkyoo/Develop/gomson-tomcat-9/webapps/gomsonServer-0.0.1-SNAPSHOT/WEB-INF/classes/images/117745419_227529105173981_5563526832094714675_n.jpg,10,0
/Users/dongkyoo/Develop/gomson-tomcat-9/webapps/gomsonServer-0.0.1-SNAPSHOT/WEB-INF/classes/images/117061549_291918488540115_7311118559575235585_n.jpg,0,0
/Users/dongkyoo/Develop/gomson-tomcat-9/webapps/gomsonServer-0.0.1-SNAPSHOT/WEB-INF/classes/images/117799907_2644826675758163_5928175889879412888_n.jpg,9,1
/Users/dongkyoo/Develop/gomson-tomcat-9/webapps/gomsonServer-0.0.1-SNAPSHOT/WEB-INF/classes/images/117640049_322337879177193_40013929022430318_n.jpg,3,4
/Users/dongkyoo/Develop/gomson-tomcat-9/webapps/gomsonServer-0.0.1-SNAPSHOT/WEB-INF/classes/images/117315049_1624771937697696_6548096156755774718_n.jpg,0,0
/Users/dongkyoo/Develop/gomson-tomcat-9/webapps/gomsonServer-0.0.1-SNAPSHOT/WEB-INF/classes/images/117230032_360090398330249_8376266018141605727_n.jpg,3,0
/Users/dongkyoo/Develop/gomson-tomcat-9/webapps/gomsonServer-0.0.1-SNAPSHOT/WEB-INF/classes/images/117196964_335021931217926_4438029396623181228_n.jpg,0,1
/Users/dongkyoo/Develop/gomson-tomcat-9/webapps/gomsonServer-0.0.1-SNAPSHOT/WEB-INF/classes/images/117230035_990095828104750_1262734552609097055_n.jpg,3,3
/Users/dongkyoo/Develop/gomson-tomcat-9/webapps/gomsonServer-0.0.1-SNAPSHOT/WEB-INF/classes/images/117395477_3090896934340415_3034658823152825002_n.jpg,10,4
/Users/dongkyoo/Develop/gomson-tomcat-9/webapps/gomsonServer-0.0.1-SNAPSHOT/WEB-INF/classes/images/117396737_1117728615294293_7912323147764813831_n.jpg,0,2
/Users/dongkyoo/Develop/gomson-tomcat-9/webapps/gomsonServer-0.0.1-SNAPSHOT/WEB-INF/classes/images/117152393_302859654108284_3043983528281266316_n.jpg,0,0
/Users/dongkyoo/Develop/gomson-tomcat-9/webapps/gomsonServer-0.0.1-SNAPSHOT/WEB-INF/classes/images/116437298_610667083206747_4761861205395114698_n.jpg,9,1
/Users/dongkyoo/Develop/gomson-tomcat-9/webapps/gomsonServer-0.0.1-SNAPSHOT/WEB-INF/classes/images/117098135_774217620007471_3626585160748587541_n.jpg,10,2
/Users/dongkyoo/Develop/gomson-tomcat-9/webapps/gomsonServer-0.0.1-SNAPSHOT/WEB-INF/classes/images/117294258_614016966176177_743616073676899888_n.jpg,3,1
/Users/dongkyoo/Develop/gomson-tomcat-9/webapps/gomsonServer-0.0.1-SNAPSHOT/WEB-INF/classes/images/117293683_899512127207277_8002111976126649030_n.jpg,3,3
/Users/dongkyoo/Develop/gomson-tomcat-9/webapps/gomsonServer-0.0.1-SNAPSHOT/WEB-INF/classes/images/117302339_606427390076426_5622997586552059214_n.jpg,9,0
/Users/dongkyoo/Develop/gomson-tomcat-9/webapps/gomsonServer-0.0.1-SNAPSHOT/WEB-INF/classes/images/117230036_604307653602347_5249007943276290913_n.jpg,9,2
/Users/dongkyoo/Develop/gomson-tomcat-9/webapps/gomsonServer-0.0.1-SNAPSHOT/WEB-INF/classes/images/83640962_1494894644020637_8850131558227975856_n.jpg,3,2
/Users/dongkyoo/Develop/gomson-tomcat-9/webapps/gomsonServer-0.0.1-SNAPSHOT/WEB-INF/classes/images/116907115_297476611581128_4242716165948032827_n.jpg,0,1
/Users/dongkyoo/Develop/gomson-tomcat-9/webapps/gomsonServer-0.0.1-SNAPSHOT/WEB-INF/classes/images/117292983_588514185170780_61355890624298624_n.jpg,10,3
/Users/dongkyoo/Develop/gomson-tomcat-9/webapps/gomsonServer-0.0.1-SNAPSHOT/WEB-INF/classes/images/117251742_754985035297799_8312764501648588276_n.jpg,9,0
/Users/dongkyoo/Develop/gomson-tomcat-9/webapps/gomsonServer-0.0.1-SNAPSHOT/WEB-INF/classes/images/117327924_773270773484331_962143358265276731_n.jpg,2,3
/Users/dongkyoo/Develop/gomson-tomcat-9/webapps/gomsonServer-0.0.1-SNAPSHOT/WEB-INF/classes/images/117763236_650830809144002_7632086826223905914_n.jpg,9,0
/Users/dongkyoo/Develop/gomson-tomcat-9/webapps/gomsonServer-0.0.1-SNAPSHOT/WEB-INF/classes/images/117198415_824520464746942_1230634548703364519_n.jpg,3,3
/Users/dongkyoo/Develop/gomson-tomcat-9/webapps/gomsonServer-0.0.1-SNAPSHOT/WEB-INF/classes/images/117170006_299448907949873_1126099432274563530_n.jpg,3,1
/Users/dongkyoo/Develop/gomson-tomcat-9/webapps/gomsonServer-0.0.1-SNAPSHOT/WEB-INF/classes/images/117477100_2612215999027565_1093605955570689344_n.jpg,9,1
/Users/dongkyoo/Develop/gomson-tomcat-9/webapps/gomsonServer-0.0.1-SNAPSHOT/WEB-INF/classes/images/117241505_1467584706782138_4085700908261883956_n.jpg,0,1
/Users/dongkyoo/Develop/gomson-tomcat-9/webapps/gomsonServer-0.0.1-SNAPSHOT/WEB-INF/classes/images/117421499_125260075612475_3813406454926937232_n.jpg,10,2
/Users/dongkyoo/Develop/gomson-tomcat-9/webapps/gomsonServer-0.0.1-SNAPSHOT/WEB-INF/classes/images/44314149_336702967146810_1655796369743239071_n.jpg,4,2
/Users/dongkyoo/Develop/gomson-tomcat-9/webapps/gomsonServer-0.0.1-SNAPSHOT/WEB-INF/classes/images/117097003_336726620828784_5816177182626949821_n.jpg,0,0
/Users/dongkyoo/Develop/gomson-tomcat-9/webapps/gomsonServer-0.0.1-SNAPSHOT/WEB-INF/classes/images/117347521_3180720958664053_7424013153061656339_n.jpg,10,4
/Users/dongkyoo/Develop/gomson-tomcat-9/webapps/gomsonServer-0.0.1-SNAPSHOT/WEB-INF/classes/images/117195080_803874386818005_8302361937491375898_n.jpg,0,1
/Users/dongkyoo/Develop/gomson-tomcat-9/webapps/gomsonServer-0.0.1-SNAPSHOT/WEB-INF/classes/images/117117979_345210623165408_7437401220928720837_n.jpg,0,2
/Users/dongkyoo/Develop/gomson-tomcat-9/webapps/gomsonServer-0.0.1-SNAPSHOT/WEB-INF/classes/images/117234687_117737319827931_6404235398330249099_n.jpg,10,2
/Users/dongkyoo/Develop/gomson-tomcat-9/webapps/gomsonServer-0.0.1-SNAPSHOT/WEB-INF/classes/images/117280387_3304554319627308_3299412820876627193_n.jpg,9,0
/Users/dongkyoo/Develop/gomson-tomcat-9/webapps/gomsonServer-0.0.1-SNAPSHOT/WEB-INF/classes/images/117114343_1159086157824898_7569099398333348253_n.jpg,9,2
/Users/dongkyoo/Develop/gomson-tomcat-9/webapps/gomsonServer-0.0.1-SNAPSHOT/WEB-INF/classes/images/117152393_217222483065481_1155121092883940516_n.jpg,3,3
/Users/dongkyoo/Develop/gomson-tomcat-9/webapps/gomsonServer-0.0.1-SNAPSHOT/WEB-INF/classes/images/117196103_692653554650977_4772876875864278011_n.jpg,9,3
/Users/dongkyoo/Develop/gomson-tomcat-9/webapps/gomsonServer-0.0.1-SNAPSHOT/WEB-INF/classes/images/71747345_138564150846048_3053791959790869649_n.jpg,9,1
/Users/dongkyoo/Develop/gomson-tomcat-9/webapps/gomsonServer-0.0.1-SNAPSHOT/WEB-INF/classes/images/117321103_1497120227141522_1740889269906138507_n.jpg,3,2
/Users/dongkyoo/Develop/gomson-tomcat-9/webapps/gomsonServer-0.0.1-SNAPSHOT/WEB-INF/classes/images/117395033_161848138819634_8816777076457321856_n.jpg,9,4
/Users/dongkyoo/Develop/gomson-tomcat-9/webapps/gomsonServer-0.0.1-SNAPSHOT/WEB-INF/classes/images/117172487_293088935331946_7587586693444761460_n.jpg,0,0
/Users/dongkyoo/Develop/gomson-tomcat-9/webapps/gomsonServer-0.0.1-SNAPSHOT/WEB-INF/classes/images/117584131_739644856820650_4059212336158776586_n.jpg,0,3
/Users/dongkyoo/Develop/gomson-tomcat-9/webapps/gomsonServer-0.0.1-SNAPSHOT/WEB-INF/classes/images/117665067_112703150406402_2413794411724005971_n.jpg,0,0
/Users/dongkyoo/Develop/gomson-tomcat-9/webapps/gomsonServer-0.0.1-SNAPSHOT/WEB-INF/classes/images/117678942_975833269523520_8633453437453300555_n.jpg,0,2
/Users/dongkyoo/Develop/gomson-tomcat-9/webapps/gomsonServer-0.0.1-SNAPSHOT/WEB-INF/classes/images/117109577_1489623044556357_2099439892773319406_n.jpg,3,5
/Users/dongkyoo/Develop/gomson-tomcat-9/webapps/gomsonServer-0.0.1-SNAPSHOT/WEB-INF/classes/images/117402365_2714426235545381_8797800395688508034_n.jpg,0,0
/Users/dongkyoo/Develop/gomson-tomcat-9/webapps/gomsonServer-0.0.1-SNAPSHOT/WEB-INF/classes/images/117145011_383620975961216_495470508447358388_n.jpg,10,0
/Users/dongkyoo/Develop/gomson-tomcat-9/webapps/gomsonServer-0.0.1-SNAPSHOT/WEB-INF/classes/images/117587272_626547351582475_8159335323240318731_n.jpg,10,4
/Users/dongkyoo/Develop/gomson-tomcat-9/webapps/gomsonServer-0.0.1-SNAPSHOT/WEB-INF/classes/images/117288994_3245953882167257_1786593846170173709_n.jpg,0,0
/Users/dongkyoo/Develop/gomson-tomcat-9/webapps/gomsonServer-0.0.1-SNAPSHOT/WEB-INF/classes/images/117289003_169987417930525_7245566182038104293_n.jpg,10,2
/Users/dongkyoo/Develop/gomson-tomcat-9/webapps/gomsonServer-0.0.1-SNAPSHOT/WEB-INF/classes/images/117291560_2884232915137688_3224606082066917934_n.jpg,10,2
/Users/dongkyoo/Develop/gomson-tomcat-9/webapps/gomsonServer-0.0.1-SNAPSHOT/WEB-INF/classes/images/117313127_2090878644389881_6577500685407743355_n.jpg,0,0
/Users/dongkyoo/Develop/gomson-tomcat-9/webapps/gomsonServer-0.0.1-SNAPSHOT/WEB-INF/classes/images/117657690_512445502883049_8073886886154568659_n.jpg,3,2
/Users/dongkyoo/Develop/gomson-tomcat-9/webapps/gomsonServer-0.0.1-SNAPSHOT/WEB-INF/classes/images/117386129_207980110659998_3440182116812085302_n.jpg,9,0
/Users/dongkyoo/Develop/gomson-tomcat-9/webapps/gomsonServer-0.0.1-SNAPSHOT/WEB-INF/classes/images/117236777_155728622799362_5300278795507331335_n.jpg,10,2
/Users/dongkyoo/Develop/gomson-tomcat-9/webapps/gomsonServer-0.0.1-SNAPSHOT/WEB-INF/classes/images/117294259_112002597163793_442575434834267103_n.jpg,9,2
/Users/dongkyoo/Develop/gomson-tomcat-9/webapps/gomsonServer-0.0.1-SNAPSHOT/WEB-INF/classes/images/117102599_2654501568098445_4029955454678338647_n.jpg,10,2
/Users/dongkyoo/Develop/gomson-tomcat-9/webapps/gomsonServer-0.0.1-SNAPSHOT/WEB-INF/classes/images/117272159_3022567311126331_4014151840342438083_n.jpg,9,2
/Users/dongkyoo/Develop/gomson-tomcat-9/webapps/gomsonServer-0.0.1-SNAPSHOT/WEB-INF/classes/images/117333315_160553578977827_3080928361059264608_n.jpg,10,4
/Users/dongkyoo/Develop/gomson-tomcat-9/webapps/gomsonServer-0.0.1-SNAPSHOT/WEB-INF/classes/images/117322301_2859374224174578_6092513876644455465_n.jpg,9,2
/Users/dongkyoo/Develop/gomson-tomcat-9/webapps/gomsonServer-0.0.1-SNAPSHOT/WEB-INF/classes/images/117427402_1614016765429335_9156577944425856545_n.jpg,0,3
/Users/dongkyoo/Develop/gomson-tomcat-9/webapps/gomsonServer-0.0.1-SNAPSHOT/WEB-INF/classes/images/117171266_3233166020115177_2885240110973070479_n.jpg,10,3
/Users/dongkyoo/Develop/gomson-tomcat-9/webapps/gomsonServer-0.0.1-SNAPSHOT/WEB-INF/classes/images/117310057_136657798112264_8621952511259445848_n.jpg,3,3
/Users/dongkyoo/Develop/gomson-tomcat-9/webapps/gomsonServer-0.0.1-SNAPSHOT/WEB-INF/classes/images/117233113_3725215497494762_1714864294139481424_n.jpg,10,3
/Users/dongkyoo/Develop/gomson-tomcat-9/webapps/gomsonServer-0.0.1-SNAPSHOT/WEB-INF/classes/images/117315471_750712282359258_3256968931617882873_n.jpg,9,0
/Users/dongkyoo/Develop/gomson-tomcat-9/webapps/gomsonServer-0.0.1-SNAPSHOT/WEB-INF/classes/images/117719365_880320832490707_2924567570025212611_n.jpg,10,2
/Users/dongkyoo/Develop/gomson-tomcat-9/webapps/gomsonServer-0.0.1-SNAPSHOT/WEB-INF/classes/images/117374864_904407716747524_1744435723464802334_n.jpg,3,4
/Users/dongkyoo/Develop/gomson-tomcat-9/webapps/gomsonServer-0.0.1-SNAPSHOT/WEB-INF/classes/images/117320105_623644005198722_2022821805766473426_n.jpg,10,0
/Users/dongkyoo/Develop/gomson-tomcat-9/webapps/gomsonServer-0.0.1-SNAPSHOT/WEB-INF/classes/images/117304080_318691266153999_7993728108860730041_n.jpg,10,0
/Users/dongkyoo/Develop/gomson-tomcat-9/webapps/gomsonServer-0.0.1-SNAPSHOT/WEB-INF/classes/images/117170550_594310711266293_7130865060941057458_n.jpg,0,2
/Users/dongkyoo/Develop/gomson-tomcat-9/webapps/gomsonServer-0.0.1-SNAPSHOT/WEB-INF/classes/images/117395036_748361669313302_634870425459092392_n.jpg,10,2
/Users/dongkyoo/Develop/gomson-tomcat-9/webapps/gomsonServer-0.0.1-SNAPSHOT/WEB-INF/classes/images/117294453_306456823950719_4609070084656471491_n.jpg,10,2
/Users/dongkyoo/Develop/gomson-tomcat-9/webapps/gomsonServer-0.0.1-SNAPSHOT/WEB-INF/classes/images/117341066_288040519163076_7431638130149979037_n.jpg,10,2
/Users/dongkyoo/Develop/gomson-tomcat-9/webapps/gomsonServer-0.0.1-SNAPSHOT/WEB-INF/classes/images/117130107_1199477377073914_1585276934832502250_n.jpg,9,4
/Users/dongkyoo/Develop/gomson-tomcat-9/webapps/gomsonServer-0.0.1-SNAPSHOT/WEB-INF/classes/images/117313765_3684820584880006_8310180105606758938_n.jpg,0,2
/Users/dongkyoo/Develop/gomson-tomcat-9/webapps/gomsonServer-0.0.1-SNAPSHOT/WEB-INF/classes/images/117244202_597253680938061_653008381565575923_n.jpg,10,2
/Users/dongkyoo/Develop/gomson-tomcat-9/webapps/gomsonServer-0.0.1-SNAPSHOT/WEB-INF/classes/images/117388042_286683625953664_8806210170892606267_n.jpg,3,3
/Users/dongkyoo/Develop/gomson-tomcat-9/webapps/gomsonServer-0.0.1-SNAPSHOT/WEB-INF/classes/images/117489678_1998940766902737_589956003551315922_n.jpg,3,2
/Users/dongkyoo/Develop/gomson-tomcat-9/webapps/gomsonServer-0.0.1-SNAPSHOT/WEB-INF/classes/images/117313311_2064644760332725_7239420839442669057_n.jpg,10,4
/Users/dongkyoo/Develop/gomson-tomcat-9/webapps/gomsonServer-0.0.1-SNAPSHOT/WEB-INF/classes/images/117189378_325468215475253_1429350929101030106_n.jpg,2,2
/Users/dongkyoo/Develop/gomson-tomcat-9/webapps/gomsonServer-0.0.1-SNAPSHOT/WEB-INF/classes/images/117654076_299107314511061_2869889813273922277_n.jpg,9,2
/Users/dongkyoo/Develop/gomson-tomcat-9/webapps/gomsonServer-0.0.1-SNAPSHOT/WEB-INF/classes/images/117247308_315763012946576_1509745808474175880_n.jpg,10,2
/Users/dongkyoo/Develop/gomson-tomcat-9/webapps/gomsonServer-0.0.1-SNAPSHOT/WEB-INF/classes/images/117308495_658671208070697_6471202201782119989_n.jpg,9,0
/Users/dongkyoo/Develop/gomson-tomcat-9/webapps/gomsonServer-0.0.1-SNAPSHOT/WEB-INF/classes/images/117293415_629561921277713_7818059364083965789_n.jpg,10,2
/Users/dongkyoo/Develop/gomson-tomcat-9/webapps/gomsonServer-0.0.1-SNAPSHOT/WEB-INF/classes/images/117227652_714857109074038_427864664262972898_n.jpg,0,3
/Users/dongkyoo/Develop/gomson-tomcat-9/webapps/gomsonServer-0.0.1-SNAPSHOT/WEB-INF/classes/images/117584131_145674260519675_3352830171396215313_n.jpg,3,4
/Users/dongkyoo/Develop/gomson-tomcat-9/webapps/gomsonServer-0.0.1-SNAPSHOT/WEB-INF/classes/images/117312218_1556984114479030_6118931714735631539_n.jpg,3,2
/Users/dongkyoo/Develop/gomson-tomcat-9/webapps/gomsonServer-0.0.1-SNAPSHOT/WEB-INF/classes/images/117291309_634749687169039_7634982755210979800_n.jpg,3,2
/Users/dongkyoo/Develop/gomson-tomcat-9/webapps/gomsonServer-0.0.1-SNAPSHOT/WEB-INF/classes/images/117319720_342716143786979_395114165166619915_n.jpg,0,2
/Users/dongkyoo/Develop/gomson-tomcat-9/webapps/gomsonServer-0.0.1-SNAPSHOT/WEB-INF/classes/images/117259246_732145224291456_1491345530611635532_n.jpg,2,3
/Users/dongkyoo/Develop/gomson-tomcat-9/webapps/gomsonServer-0.0.1-SNAPSHOT/WEB-INF/classes/images/106297992_3067253759996221_2429864111336017441_n.jpg,9,3
/Users/dongkyoo/Develop/gomson-tomcat-9/webapps/gomsonServer-0.0.1-SNAPSHOT/WEB-INF/classes/images/117300680_3363927897007000_6205127144877044610_n.jpg,10,3
/Users/dongkyoo/Develop/gomson-tomcat-9/webapps/gomsonServer-0.0.1-SNAPSHOT/WEB-INF/classes/images/117442163_328997141571004_3866271283685934478_n.jpg,10,2
/Users/dongkyoo/Develop/gomson-tomcat-9/webapps/gomsonServer-0.0.1-SNAPSHOT/WEB-INF/classes/images/117353394_118283969758674_5729021169722469463_n.jpg,10,3
/Users/dongkyoo/Develop/gomson-tomcat-9/webapps/gomsonServer-0.0.1-SNAPSHOT/WEB-INF/classes/images/117302338_334625807674167_5067949460427973506_n.jpg,9,4
/Users/dongkyoo/Develop/gomson-tomcat-9/webapps/gomsonServer-0.0.1-SNAPSHOT/WEB-INF/classes/images/117071527_326863058693217_7409761731480932759_n.jpg,3,0
/Users/dongkyoo/Develop/gomson-tomcat-9/webapps/gomsonServer-0.0.1-SNAPSHOT/WEB-INF/classes/images/117191890_579742296023860_4946691840824152495_n.jpg,9,3
/Users/dongkyoo/Develop/gomson-tomcat-9/webapps/gomsonServer-0.0.1-SNAPSHOT/WEB-INF/classes/images/117376614_111629140539249_5655989096734170066_n.jpg,9,0
/Users/dongkyoo/Develop/gomson-tomcat-9/webapps/gomsonServer-0.0.1-SNAPSHOT/WEB-INF/classes/images/117169015_1140506116315085_1759001160851954471_n.jpg,10,3
/Users/dongkyoo/Develop/gomson-tomcat-9/webapps/gomsonServer-0.0.1-SNAPSHOT/WEB-INF/classes/images/117351357_326584578484471_2951116514743788316_n.jpg,10,4
/Users/dongkyoo/Develop/gomson-tomcat-9/webapps/gomsonServer-0.0.1-SNAPSHOT/WEB-INF/classes/images/117162360_298077051442653_3952963537005870646_n.jpg,0,2
/Users/dongkyoo/Develop/gomson-tomcat-9/webapps/gomsonServer-0.0.1-SNAPSHOT/WEB-INF/classes/images/117334331_163126005428697_8630242928386747107_n.jpg,10,3
/Users/dongkyoo/Develop/gomson-tomcat-9/webapps/gomsonServer-0.0.1-SNAPSHOT/WEB-INF/classes/images/117176662_2868920346727793_221603046406221600_n.jpg,10,2
/Users/dongkyoo/Develop/gomson-tomcat-9/webapps/gomsonServer-0.0.1-SNAPSHOT/WEB-INF/classes/images/117294082_132005955246349_4512958930861800441_n.jpg,10,3
/Users/dongkyoo/Develop/gomson-tomcat-9/webapps/gomsonServer-0.0.1-SNAPSHOT/WEB-INF/classes/images/117232304_584918875524219_8519014859936391457_n.jpg,10,2
/Users/dongkyoo/Develop/gomson-tomcat-9/webapps/gomsonServer-0.0.1-SNAPSHOT/WEB-INF/classes/images/117351862_321064392288262_8031649865625952925_n.jpg,3,5
/Users/dongkyoo/Develop/gomson-tomcat-9/webapps/gomsonServer-0.0.1-SNAPSHOT/WEB-INF/classes/images/117341260_708694303306601_7372110913786788431_n.jpg,9,2
/Users/dongkyoo/Develop/gomson-tomcat-9/webapps/gomsonServer-0.0.1-SNAPSHOT/WEB-INF/classes/images/116911454_334300101072660_1332366966117764333_n.jpg,10,3
/Users/dongkyoo/Develop/gomson-tomcat-9/webapps/gomsonServer-0.0.1-SNAPSHOT/WEB-INF/classes/images/107342239_135254691574035_5102624157851553416_n.jpg,3,1
/Users/dongkyoo/Develop/gomson-tomcat-9/webapps/gomsonServer-0.0.1-SNAPSHOT/WEB-INF/classes/images/117184119_139306621179651_399153434363295330_n.jpg,0,3
/Users/dongkyoo/Develop/gomson-tomcat-9/webapps/gomsonServer-0.0.1-SNAPSHOT/WEB-INF/classes/images/117296363_721519825294896_3281496898861533045_n.jpg,9,2
/Users/dongkyoo/Develop/gomson-tomcat-9/webapps/gomsonServer-0.0.1-SNAPSHOT/WEB-INF/classes/images/117221850_164619648495500_3835721052717789244_n.jpg,3,2
/Users/dongkyoo/Develop/gomson-tomcat-9/webapps/gomsonServer-0.0.1-SNAPSHOT/WEB-INF/classes/images/117425065_747406776080815_7745838552154960574_n.jpg,10,2
/Users/dongkyoo/Develop/gomson-tomcat-9/webapps/gomsonServer-0.0.1-SNAPSHOT/WEB-INF/classes/images/117614500_459652294918319_646818125608319701_n.jpg,9,2
/Users/dongkyoo/Develop/gomson-tomcat-9/webapps/gomsonServer-0.0.1-SNAPSHOT/WEB-INF/classes/images/117295051_2820299398214658_3814201062564838291_n.jpg,3,1
/Users/dongkyoo/Develop/gomson-tomcat-9/webapps/gomsonServer-0.0.1-SNAPSHOT/WEB-INF/classes/images/117228387_175602894006934_8017806626585954383_n.jpg,0,0
/Users/dongkyoo/Develop/gomson-tomcat-9/webapps/gomsonServer-0.0.1-SNAPSHOT/WEB-INF/classes/images/117292327_1799430376866593_5969927117418143515_n.jpg,10,2
/Users/dongkyoo/Develop/gomson-tomcat-9/webapps/gomsonServer-0.0.1-SNAPSHOT/WEB-INF/classes/images/117258178_187163832769694_3722672083247681077_n.jpg,3,3
/Users/dongkyoo/Develop/gomson-tomcat-9/webapps/gomsonServer-0.0.1-SNAPSHOT/WEB-INF/classes/images/117303649_380608069591645_4142455473100516412_n.jpg,5,2
/Users/dongkyoo/Develop/gomson-tomcat-9/webapps/gomsonServer-0.0.1-SNAPSHOT/WEB-INF/classes/images/117283455_776704653088598_8164531977013730424_n.jpg,3,3
/Users/dongkyoo/Develop/gomson-tomcat-9/webapps/gomsonServer-0.0.1-SNAPSHOT/WEB-INF/classes/images/117215909_893362854519686_2293467758723522421_n.jpg,10,2
/Users/dongkyoo/Develop/gomson-tomcat-9/webapps/gomsonServer-0.0.1-SNAPSHOT/WEB-INF/classes/images/117110054_756740038395319_2831022154136913283_n.jpg,10,3
/Users/dongkyoo/Develop/gomson-tomcat-9/webapps/gomsonServer-0.0.1-SNAPSHOT/WEB-INF/classes/images/106540011_165353181727864_2840879186286677806_n.jpg,10,3
/Users/dongkyoo/Develop/gomson-tomcat-9/webapps/gomsonServer-0.0.1-SNAPSHOT/WEB-INF/classes/images/117290904_590641824932423_1928517904875565321_n.jpg,10,0
/Users/dongkyoo/Develop/gomson-tomcat-9/webapps/gomsonServer-0.0.1-SNAPSHOT/WEB-INF/classes/images/117306153_2754776154806881_526755662612884678_n.jpg,9,1
/Users/dongkyoo/Develop/gomson-tomcat-9/webapps/gomsonServer-0.0.1-SNAPSHOT/WEB-INF/classes/images/117640908_117907773347977_1476485743450016161_n.jpg,0,2
/Users/dongkyoo/Develop/gomson-tomcat-9/webapps/gomsonServer-0.0.1-SNAPSHOT/WEB-INF/classes/images/117686785_1176393322721186_9019863879149243509_n.jpg,0,2
/Users/dongkyoo/Develop/gomson-tomcat-9/webapps/gomsonServer-0.0.1-SNAPSHOT/WEB-INF/classes/images/94268429_582198529077667_7826772307807099180_n.jpg,0,2
/Users/dongkyoo/Develop/gomson-tomcat-9/webapps/gomsonServer-0.0.1-SNAPSHOT/WEB-INF/classes/images/117246173_717926959052612_7085087429968509040_n.jpg,10,2
/Users/dongkyoo/Develop/gomson-tomcat-9/webapps/gomsonServer-0.0.1-SNAPSHOT/WEB-INF/classes/images/117252547_651010335794155_7230075240611260063_n.jpg,3,3
/Users/dongkyoo/Develop/gomson-tomcat-9/webapps/gomsonServer-0.0.1-SNAPSHOT/WEB-INF/classes/images/117248411_315354849537857_1742549761988301765_n.jpg,10,2
/Users/dongkyoo/Develop/gomson-tomcat-9/webapps/gomsonServer-0.0.1-SNAPSHOT/WEB-INF/classes/images/117542694_982015558917091_4665800711384596636_n.jpg,3,1
/Users/dongkyoo/Develop/gomson-tomcat-9/webapps/gomsonServer-0.0.1-SNAPSHOT/WEB-INF/classes/images/117541768_302545564418949_5523895173581909816_n.jpg,10,2
/Users/dongkyoo/Develop/gomson-tomcat-9/webapps/gomsonServer-0.0.1-SNAPSHOT/WEB-INF/classes/images/117165731_402960134011627_2894418286032149662_n.jpg,9,2
/Users/dongkyoo/Develop/gomson-tomcat-9/webapps/gomsonServer-0.0.1-SNAPSHOT/WEB-INF/classes/images/117175138_350871172593258_1602480635491419802_n.jpg,10,2
/Users/dongkyoo/Develop/gomson-tomcat-9/webapps/gomsonServer-0.0.1-SNAPSHOT/WEB-INF/classes/images/117109003_667829093803118_1421135983238113732_n.jpg,9,3
/Users/dongkyoo/Develop/gomson-tomcat-9/webapps/gomsonServer-0.0.1-SNAPSHOT/WEB-INF/classes/images/117295467_156952799354943_8871950284428136373_n.jpg,3,0
/Users/dongkyoo/Develop/gomson-tomcat-9/webapps/gomsonServer-0.0.1-SNAPSHOT/WEB-INF/classes/images/117287666_769964010209222_5473832204700170733_n.jpg,3,0
/Users/dongkyoo/Develop/gomson-tomcat-9/webapps/gomsonServer-0.0.1-SNAPSHOT/WEB-INF/classes/images/117278553_761540828001832_1521932121188069071_n.jpg,10,2
/Users/dongkyoo/Develop/gomson-tomcat-9/webapps/gomsonServer-0.0.1-SNAPSHOT/WEB-INF/classes/images/116832536_3193241114091084_3946851032239381187_n.jpg,10,3
/Users/dongkyoo/Develop/gomson-tomcat-9/webapps/gomsonServer-0.0.1-SNAPSHOT/WEB-INF/classes/images/117203370_2473092586314458_7227702520667934869_n.jpg,3,2
/Users/dongkyoo/Develop/gomson-tomcat-9/webapps/gomsonServer-0.0.1-SNAPSHOT/WEB-INF/classes/images/117286013_165469485082274_2564032043284385159_n.jpg,10,3
/Users/dongkyoo/Develop/gomson-tomcat-9/webapps/gomsonServer-0.0.1-SNAPSHOT/WEB-INF/classes/images/117300880_340735666950966_7495526482167694749_n.jpg,10,3
/Users/dongkyoo/Develop/gomson-tomcat-9/webapps/gomsonServer-0.0.1-SNAPSHOT/WEB-INF/classes/images/117320639_996350500787160_7540296032536488715_n.jpg,9,0
/Users/dongkyoo/Develop/gomson-tomcat-9/webapps/gomsonServer-0.0.1-SNAPSHOT/WEB-INF/classes/images/117373089_190098012516017_180665187250075797_n.jpg,10,2
/Users/dongkyoo/Develop/gomson-tomcat-9/webapps/gomsonServer-0.0.1-SNAPSHOT/WEB-INF/classes/images/117585345_2408433532789781_292158495110507324_n.jpg,0,1
/Users/dongkyoo/Develop/gomson-tomcat-9/webapps/gomsonServer-0.0.1-SNAPSHOT/WEB-INF/classes/images/116582510_303256037686224_4402144926611680936_n.jpg,10,2
/Users/dongkyoo/Develop/gomson-tomcat-9/webapps/gomsonServer-0.0.1-SNAPSHOT/WEB-INF/classes/images/117333899_608938103375608_955592396099616275_n.jpg,10,3
/Users/dongkyoo/Develop/gomson-tomcat-9/webapps/gomsonServer-0.0.1-SNAPSHOT/WEB-INF/classes/images/70366669_954068548275645_160747609443026590_n.jpg,10,2
/Users/dongkyoo/Develop/gomson-tomcat-9/webapps/gomsonServer-0.0.1-SNAPSHOT/WEB-INF/classes/images/117325083_137943024629638_6729721502743163124_n.jpg,10,3
/Users/dongkyoo/Develop/gomson-tomcat-9/webapps/gomsonServer-0.0.1-SNAPSHOT/WEB-INF/classes/images/117291777_172254627724772_3789563889983460677_n.jpg,9,3
/Users/dongkyoo/Develop/gomson-tomcat-9/webapps/gomsonServer-0.0.1-SNAPSHOT/WEB-INF/classes/images/117291303_338852243785770_6060851293022699996_n.jpg,10,3
/Users/dongkyoo/Develop/gomson-tomcat-9/webapps/gomsonServer-0.0.1-SNAPSHOT/WEB-INF/classes/images/117234203_411865849790934_9198006178361264682_n.jpg,0,3
/Users/dongkyoo/Develop/gomson-tomcat-9/webapps/gomsonServer-0.0.1-SNAPSHOT/WEB-INF/classes/images/117319719_303949870875819_7412470625786594189_n.jpg,9,3
/Users/dongkyoo/Develop/gomson-tomcat-9/webapps/gomsonServer-0.0.1-SNAPSHOT/WEB-INF/classes/images/117394611_181469563391697_374863106552314781_n.jpg,10,3
/Users/dongkyoo/Develop/gomson-tomcat-9/webapps/gomsonServer-0.0.1-SNAPSHOT/WEB-INF/classes/images/117248413_751213255678464_928267775884667325_n.jpg,10,2
/Users/dongkyoo/Develop/gomson-tomcat-9/webapps/gomsonServer-0.0.1-SNAPSHOT/WEB-INF/classes/images/117290911_2778580422389397_6801449791065765538_n.jpg,9,1
/Users/dongkyoo/Develop/gomson-tomcat-9/webapps/gomsonServer-0.0.1-SNAPSHOT/WEB-INF/classes/images/117108400_725317328012816_7430565126515619357_n.jpg,10,1
/Users/dongkyoo/Develop/gomson-tomcat-9/webapps/gomsonServer-0.0.1-SNAPSHOT/WEB-INF/classes/images/117106904_1222175631467375_8348874004681861921_n.jpg,9,2
/Users/dongkyoo/Develop/gomson-tomcat-9/webapps/gomsonServer-0.0.1-SNAPSHOT/WEB-INF/classes/images/117325923_304195173987034_8022066962658639266_n.jpg,10,2
/Users/dongkyoo/Develop/gomson-tomcat-9/webapps/gomsonServer-0.0.1-SNAPSHOT/WEB-INF/classes/images/117282492_108859724177141_1931108413322021374_n.jpg,9,2
/Users/dongkyoo/Develop/gomson-tomcat-9/webapps/gomsonServer-0.0.1-SNAPSHOT/WEB-INF/classes/images/116925164_604091940296290_3373175826438869089_n.jpg,11,2
/Users/dongkyoo/Develop/gomson-tomcat-9/webapps/gomsonServer-0.0.1-SNAPSHOT/WEB-INF/classes/images/117245773_774140473376368_3081393488381686478_n.jpg,10,3
/Users/dongkyoo/Develop/gomson-tomcat-9/webapps/gomsonServer-0.0.1-SNAPSHOT/WEB-INF/classes/images/117229112_710845176131087_2119817447550619199_n.jpg,10,2
/Users/dongkyoo/Develop/gomson-tomcat-9/webapps/gomsonServer-0.0.1-SNAPSHOT/WEB-INF/classes/images/117229112_717646308796063_6782415236005281621_n.jpg,10,2
/Users/dongkyoo/Develop/gomson-tomcat-9/webapps/gomsonServer-0.0.1-SNAPSHOT/WEB-INF/classes/images/117247303_722293598334748_1969567650150231452_n.jpg,0,0
/Users/dongkyoo/Develop/gomson-tomcat-9/webapps/gomsonServer-0.0.1-SNAPSHOT/WEB-INF/classes/images/117203372_305107170937701_2235121220593732960_n.jpg,0,1
/Users/dongkyoo/Develop/gomson-tomcat-9/webapps/gomsonServer-0.0.1-SNAPSHOT/WEB-INF/classes/images/117621985_331263241336659_2346342795928193128_n.jpg,10,2
/Users/dongkyoo/Develop/gomson-tomcat-9/webapps/gomsonServer-0.0.1-SNAPSHOT/WEB-INF/classes/images/117156489_624960478127560_2104547290989243199_n.jpg,3,0
/Users/dongkyoo/Develop/gomson-tomcat-9/webapps/gomsonServer-0.0.1-SNAPSHOT/WEB-INF/classes/images/110260248_994297311029141_1351592960035294864_n.jpg,10,2
/Users/dongkyoo/Develop/gomson-tomcat-9/webapps/gomsonServer-0.0.1-SNAPSHOT/WEB-INF/classes/images/117140773_381877599441550_3559950183107994767_n.jpg,10,2
/Users/dongkyoo/Develop/gomson-tomcat-9/webapps/gomsonServer-0.0.1-SNAPSHOT/WEB-INF/classes/images/117171267_729000131166182_1662905862327899586_n.jpg,10,2
/Users/dongkyoo/Develop/gomson-tomcat-9/webapps/gomsonServer-0.0.1-SNAPSHOT/WEB-INF/classes/images/117322693_165181391926181_2782335601596246450_n.jpg,9,3
/Users/dongkyoo/Develop/gomson-tomcat-9/webapps/gomsonServer-0.0.1-SNAPSHOT/WEB-INF/classes/images/117371544_680351662898666_7014670418351808377_n.jpg,4,0
/Users/dongkyoo/Develop/gomson-tomcat-9/webapps/gomsonServer-0.0.1-SNAPSHOT/WEB-INF/classes/images/117299285_979869292458112_5160559356910975369_n.jpg,9,2
/Users/dongkyoo/Develop/gomson-tomcat-9/webapps/gomsonServer-0.0.1-SNAPSHOT/WEB-INF/classes/images/117377899_3136724159706475_4189422831669627997_n.jpg,0,3
/Users/dongkyoo/Develop/gomson-tomcat-9/webapps/gomsonServer-0.0.1-SNAPSHOT/WEB-INF/classes/images/117117433_357816355618932_8266319488041966113_n.jpg,11,0
/Users/dongkyoo/Develop/gomson-tomcat-9/webapps/gomsonServer-0.0.1-SNAPSHOT/WEB-INF/classes/images/117191890_771322703697000_4319368801729481020_n.jpg,10,0
/Users/dongkyoo/Develop/gomson-tomcat-9/webapps/gomsonServer-0.0.1-SNAPSHOT/WEB-INF/classes/images/117255330_1425038564346072_7404000366503022759_n.jpg,10,3
/Users/dongkyoo/Develop/gomson-tomcat-9/webapps/gomsonServer-0.0.1-SNAPSHOT/WEB-INF/classes/images/117315466_1615659548626394_5910730363400223261_n.jpg,10,3
/Users/dongkyoo/Develop/gomson-tomcat-9/webapps/gomsonServer-0.0.1-SNAPSHOT/WEB-INF/classes/images/117208206_663069527635709_1171289574006725044_n.jpg,9,2
/Users/dongkyoo/Develop/gomson-tomcat-9/webapps/gomsonServer-0.0.1-SNAPSHOT/WEB-INF/classes/images/117195081_728121711364546_3924896810663727835_n.jpg,0,1
/Users/dongkyoo/Develop/gomson-tomcat-9/webapps/gomsonServer-0.0.1-SNAPSHOT/WEB-INF/classes/images/117226441_189686142592427_2976792564232748147_n.jpg,10,2
/Users/dongkyoo/Develop/gomson-tomcat-9/webapps/gomsonServer-0.0.1-SNAPSHOT/WEB-INF/classes/images/117176660_159637315731310_4037110091925703377_n.jpg,0,0
/Users/dongkyoo/Develop/gomson-tomcat-9/webapps/gomsonServer-0.0.1-SNAPSHOT/WEB-INF/classes/images/117169430_325357765503614_5744394229495938944_n.jpg,3,3
/Users/dongkyoo/Develop/gomson-tomcat-9/webapps/gomsonServer-0.0.1-SNAPSHOT/WEB-INF/classes/images/117433864_581780186037123_8020477754562368955_n.jpg,9,2
/Users/dongkyoo/Develop/gomson-tomcat-9/webapps/gomsonServer-0.0.1-SNAPSHOT/WEB-INF/classes/images/67358726_466087557309864_8342068230703088740_n.jpg,3,3
/Users/dongkyoo/Develop/gomson-tomcat-9/webapps/gomsonServer-0.0.1-SNAPSHOT/WEB-INF/classes/images/117564951_702380010610851_7127955936841468302_n.jpg,10,3
/Users/dongkyoo/Develop/gomson-tomcat-9/webapps/gomsonServer-0.0.1-SNAPSHOT/WEB-INF/classes/images/117352953_179314926925458_1948723344277455701_n.jpg,10,2
/Users/dongkyoo/Develop/gomson-tomcat-9/webapps/gomsonServer-0.0.1-SNAPSHOT/WEB-INF/classes/images/117123453_2645782199018708_6602543048300264142_n.jpg,10,3
/Users/dongkyoo/Develop/gomson-tomcat-9/webapps/gomsonServer-0.0.1-SNAPSHOT/WEB-INF/classes/images/117223801_293864701686029_2967089921269874161_n.jpg,0,2
/Users/dongkyoo/Develop/gomson-tomcat-9/webapps/gomsonServer-0.0.1-SNAPSHOT/WEB-INF/classes/images/117386543_648635259085115_1294219873987296853_n.jpg,10,3
/Users/dongkyoo/Develop/gomson-tomcat-9/webapps/gomsonServer-0.0.1-SNAPSHOT/WEB-INF/classes/images/117045263_2682311298763875_5669484192225680704_n.jpg,9,1
/Users/dongkyoo/Develop/gomson-tomcat-9/webapps/gomsonServer-0.0.1-SNAPSHOT/WEB-INF/classes/images/117587027_756437338263147_9004244639646738480_n.jpg,0,2
/Users/dongkyoo/Develop/gomson-tomcat-9/webapps/gomsonServer-0.0.1-SNAPSHOT/WEB-INF/classes/images/117256204_3239251229490509_3441869222752385176_n.jpg,2,2
/Users/dongkyoo/Develop/gomson-tomcat-9/webapps/gomsonServer-0.0.1-SNAPSHOT/WEB-INF/classes/images/117507551_610826669810142_2455436654443709223_n.jpg,0,2
/Users/dongkyoo/Develop/gomson-tomcat-9/webapps/gomsonServer-0.0.1-SNAPSHOT/WEB-INF/classes/images/117526541_748459172393908_2952003756669258610_n.jpg,10,1
/Users/dongkyoo/Develop/gomson-tomcat-9/webapps/gomsonServer-0.0.1-SNAPSHOT/WEB-INF/classes/images/117727395_118942319681717_2295634318427794947_n.jpg,3,3
/Users/dongkyoo/Develop/gomson-tomcat-9/webapps/gomsonServer-0.0.1-SNAPSHOT/WEB-INF/classes/images/117189380_402650027380094_5561379438859964310_n.jpg,0,3
/Users/dongkyoo/Develop/gomson-tomcat-9/webapps/gomsonServer-0.0.1-SNAPSHOT/WEB-INF/classes/images/117169614_603059947314351_7082694695669741125_n.jpg,10,3
/Users/dongkyoo/Develop/gomson-tomcat-9/webapps/gomsonServer-0.0.1-SNAPSHOT/WEB-INF/classes/images/117305909_161150542209443_361836417862668194_n.jpg,10,0
/Users/dongkyoo/Develop/gomson-tomcat-9/webapps/gomsonServer-0.0.1-SNAPSHOT/WEB-INF/classes/images/117393927_951929805284344_2825640874882259854_n.jpg,0,3
/Users/dongkyoo/Develop/gomson-tomcat-9/webapps/gomsonServer-0.0.1-SNAPSHOT/WEB-INF/classes/images/117636766_807655916707868_2407605350675333363_n.jpg,10,3
/Users/dongkyoo/Develop/gomson-tomcat-9/webapps/gomsonServer-0.0.1-SNAPSHOT/WEB-INF/classes/images/117371971_221370239209555_1557690072951513915_n.jpg,10,2
/Users/dongkyoo/Develop/gomson-tomcat-9/webapps/gomsonServer-0.0.1-SNAPSHOT/WEB-INF/classes/images/117384751_732689353958962_1174731883681338313_n.jpg,9,2
/Users/dongkyoo/Develop/gomson-tomcat-9/webapps/gomsonServer-0.0.1-SNAPSHOT/WEB-INF/classes/images/116909671_294046385209964_3396859287255846555_n.jpg,9,2
/Users/dongkyoo/Develop/gomson-tomcat-9/webapps/gomsonServer-0.0.1-SNAPSHOT/WEB-INF/classes/images/117128631_2771597289744461_2830714934569250934_n.jpg,10,2
/Users/dongkyoo/Develop/gomson-tomcat-9/webapps/gomsonServer-0.0.1-SNAPSHOT/WEB-INF/classes/images/117467229_924312328088753_4039966799229369893_n.jpg,11,2
/Users/dongkyoo/Develop/gomson-tomcat-9/webapps/gomsonServer-0.0.1-SNAPSHOT/WEB-INF/classes/images/117203372_188514439302427_7499720044796492819_n.jpg,3,3
/Users/dongkyoo/Develop/gomson-tomcat-9/webapps/gomsonServer-0.0.1-SNAPSHOT/WEB-INF/classes/images/117267968_2464184420538213_5753298673741476065_n.jpg,3,2
/Users/dongkyoo/Develop/gomson-tomcat-9/webapps/gomsonServer-0.0.1-SNAPSHOT/WEB-INF/classes/images/106248660_170123971188203_8452109930550622248_n.jpg,9,1
/Users/dongkyoo/Develop/gomson-tomcat-9/webapps/gomsonServer-0.0.1-SNAPSHOT/WEB-INF/classes/images/115980531_2718359058482774_8696559926329017477_n.jpg,10,2
/Users/dongkyoo/Develop/gomson-tomcat-9/webapps/gomsonServer-0.0.1-SNAPSHOT/WEB-INF/classes/images/117251742_670247160369494_402887309714362791_n.jpg,9,2
/Users/dongkyoo/Develop/gomson-tomcat-9/webapps/gomsonServer-0.0.1-SNAPSHOT/WEB-INF/classes/images/117667919_596360321252339_6666438713314901413_n.jpg,10,2
/Users/dongkyoo/Develop/gomson-tomcat-9/webapps/gomsonServer-0.0.1-SNAPSHOT/WEB-INF/classes/images/116908567_3733575580005405_5729523144182891719_n.jpg,3,2
/Users/dongkyoo/Develop/gomson-tomcat-9/webapps/gomsonServer-0.0.1-SNAPSHOT/WEB-INF/classes/images/117387749_106157617811653_840886038800463208_n.jpg,0,2
/Users/dongkyoo/Develop/gomson-tomcat-9/webapps/gomsonServer-0.0.1-SNAPSHOT/WEB-INF/classes/images/117434825_158033439209548_1817147051439284655_n.jpg,9,0
/Users/dongkyoo/Develop/gomson-tomcat-9/webapps/gomsonServer-0.0.1-SNAPSHOT/WEB-INF/classes/images/117221841_616366805685189_151250047447343031_n.jpg,3,2
/Users/dongkyoo/Develop/gomson-tomcat-9/webapps/gomsonServer-0.0.1-SNAPSHOT/WEB-INF/classes/images/117245776_125394758925154_9171658240003865213_n.jpg,10,3
/Users/dongkyoo/Develop/gomson-tomcat-9/webapps/gomsonServer-0.0.1-SNAPSHOT/WEB-INF/classes/images/117257167_280491823251509_4173755031700488041_n.jpg,10,2
/Users/dongkyoo/Develop/gomson-tomcat-9/webapps/gomsonServer-0.0.1-SNAPSHOT/WEB-INF/classes/images/117295051_2683531458593893_7945586351538697035_n.jpg,0,0
/Users/dongkyoo/Develop/gomson-tomcat-9/webapps/gomsonServer-0.0.1-SNAPSHOT/WEB-INF/classes/images/117333320_633507617288370_7801582594991131013_n.jpg,10,3
/Users/dongkyoo/Develop/gomson-tomcat-9/webapps/gomsonServer-0.0.1-SNAPSHOT/WEB-INF/classes/images/117303326_295233831707788_7286514469359200498_n.jpg,3,3
/Users/dongkyoo/Develop/gomson-tomcat-9/webapps/gomsonServer-0.0.1-SNAPSHOT/WEB-INF/classes/images/117170891_302432357660143_6374105667992946034_n.jpg,9,2
/Users/dongkyoo/Develop/gomson-tomcat-9/webapps/gomsonServer-0.0.1-SNAPSHOT/WEB-INF/classes/images/117300879_937601726718360_5779724501586042009_n.jpg,3,2
/Users/dongkyoo/Develop/gomson-tomcat-9/webapps/gomsonServer-0.0.1-SNAPSHOT/WEB-INF/classes/images/117230036_616342112643862_217221176544052664_n.jpg,9,3
/Users/dongkyoo/Develop/gomson-tomcat-9/webapps/gomsonServer-0.0.1-SNAPSHOT/WEB-INF/classes/images/117156629_326151588513628_3354385030827692720_n.jpg,9,0
/Users/dongkyoo/Develop/gomson-tomcat-9/webapps/gomsonServer-0.0.1-SNAPSHOT/WEB-INF/classes/images/117352479_1290579547940520_4824719075310192030_n.jpg,3,2
/Users/dongkyoo/Develop/gomson-tomcat-9/webapps/gomsonServer-0.0.1-SNAPSHOT/WEB-INF/classes/images/117311365_354946168830306_5953673044561588097_n.jpg,3,1
/Users/dongkyoo/Develop/gomson-tomcat-9/webapps/gomsonServer-0.0.1-SNAPSHOT/WEB-INF/classes/images/117215906_1213906672294829_8713210318693726548_n.jpg,10,3
/Users/dongkyoo/Develop/gomson-tomcat-9/webapps/gomsonServer-0.0.1-SNAPSHOT/WEB-INF/classes/images/117294082_723483161547258_5888428570846762001_n.jpg,3,2
/Users/dongkyoo/Develop/gomson-tomcat-9/webapps/gomsonServer-0.0.1-SNAPSHOT/WEB-INF/classes/images/117173445_317874726077188_1320538086369401629_n.jpg,3,4
/Users/dongkyoo/Develop/gomson-tomcat-9/webapps/gomsonServer-0.0.1-SNAPSHOT/WEB-INF/classes/images/70574093_142274653675827_1678025963244261570_n.jpg,10,0
/Users/dongkyoo/Develop/gomson-tomcat-9/webapps/gomsonServer-0.0.1-SNAPSHOT/WEB-INF/classes/images/117095066_3231154430284975_5306231608681565592_n.jpg,10,1
/Users/dongkyoo/Develop/gomson-tomcat-9/webapps/gomsonServer-0.0.1-SNAPSHOT/WEB-INF/classes/images/117283448_1631546543673672_1218814167826553182_n.jpg,10,3
/Users/dongkyoo/Develop/gomson-tomcat-9/webapps/gomsonServer-0.0.1-SNAPSHOT/WEB-INF/classes/images/117286158_613462796270184_4270215208617428809_n.jpg,0,2
/Users/dongkyoo/Develop/gomson-tomcat-9/webapps/gomsonServer-0.0.1-SNAPSHOT/WEB-INF/classes/images/117223317_358618751816156_5064531371134100519_n.jpg,9,2
/Users/dongkyoo/Develop/gomson-tomcat-9/webapps/gomsonServer-0.0.1-SNAPSHOT/WEB-INF/classes/images/117256677_645267173012300_1273704183850476795_n.jpg,10,0
/Users/dongkyoo/Develop/gomson-tomcat-9/webapps/gomsonServer-0.0.1-SNAPSHOT/WEB-INF/classes/images/103609781_3380234828663076_5255163745752544683_n.jpg,9,1
/Users/dongkyoo/Develop/gomson-tomcat-9/webapps/gomsonServer-0.0.1-SNAPSHOT/WEB-INF/classes/images/117209874_117525433176858_2216792687779296018_n.jpg,9,1
/Users/dongkyoo/Develop/gomson-tomcat-9/webapps/gomsonServer-0.0.1-SNAPSHOT/WEB-INF/classes/images/117105809_287521942552135_7611933771102938151_n.jpg,3,0
/Users/dongkyoo/Develop/gomson-tomcat-9/webapps/gomsonServer-0.0.1-SNAPSHOT/WEB-INF/classes/images/117518849_304425153953585_1811285222668131495_n.jpg,0,1
/Users/dongkyoo/Develop/gomson-tomcat-9/webapps/gomsonServer-0.0.1-SNAPSHOT/WEB-INF/classes/images/117151541_133028275148514_4395016748546666753_n.jpg,10,3
/Users/dongkyoo/Develop/gomson-tomcat-9/webapps/gomsonServer-0.0.1-SNAPSHOT/WEB-INF/classes/images/117291552_329321728442962_3908931738204478649_n.jpg,9,2
/Users/dongkyoo/Develop/gomson-tomcat-9/webapps/gomsonServer-0.0.1-SNAPSHOT/WEB-INF/classes/images/117233903_658902944704077_5276874425278006939_n.jpg,9,1
/Users/dongkyoo/Develop/gomson-tomcat-9/webapps/gomsonServer-0.0.1-SNAPSHOT/WEB-INF/classes/images/79356621_165147674698110_8504659582275227663_n.jpg,4,0
/Users/dongkyoo/Develop/gomson-tomcat-9/webapps/gomsonServer-0.0.1-SNAPSHOT/WEB-INF/classes/images/117323748_766897990723490_5456242899935086874_n.jpg,10,3
/Users/dongkyoo/Develop/gomson-tomcat-9/webapps/gomsonServer-0.0.1-SNAPSHOT/WEB-INF/classes/images/117425070_331500591355699_5702202311122667895_n.jpg,10,4
/Users/dongkyoo/Develop/gomson-tomcat-9/webapps/gomsonServer-0.0.1-SNAPSHOT/WEB-INF/classes/images/117276667_2846236178814811_3512709003993245679_n.jpg,3,3
/Users/dongkyoo/Develop/gomson-tomcat-9/webapps/gomsonServer-0.0.1-SNAPSHOT/WEB-INF/classes/images/117139516_340663500400413_3714332848117833172_n.jpg,9,2
/Users/dongkyoo/Develop/gomson-tomcat-9/webapps/gomsonServer-0.0.1-SNAPSHOT/WEB-INF/classes/images/117235415_2589490974697836_2406695819052871673_n.jpg,0,2
/Users/dongkyoo/Develop/gomson-tomcat-9/webapps/gomsonServer-0.0.1-SNAPSHOT/WEB-INF/classes/images/117396340_1010489109380116_5407120184310380789_n.jpg,3,3
/Users/dongkyoo/Develop/gomson-tomcat-9/webapps/gomsonServer-0.0.1-SNAPSHOT/WEB-INF/classes/images/117306286_711849579374834_2555360281085787790_n.jpg,10,3
/Users/dongkyoo/Develop/gomson-tomcat-9/webapps/gomsonServer-0.0.1-SNAPSHOT/WEB-INF/classes/images/117112954_178976230334209_2005242807583075273_n.jpg,3,2
/Users/dongkyoo/Develop/gomson-tomcat-9/webapps/gomsonServer-0.0.1-SNAPSHOT/WEB-INF/classes/images/117231433_1022169654885958_1696151354686712649_n.jpg,10,4
/Users/dongkyoo/Develop/gomson-tomcat-9/webapps/gomsonServer-0.0.1-SNAPSHOT/WEB-INF/classes/images/117117981_1138260623223105_1818015399151572447_n.jpg,3,3
/Users/dongkyoo/Develop/gomson-tomcat-9/webapps/gomsonServer-0.0.1-SNAPSHOT/WEB-INF/classes/images/117221846_774110803342040_441654517504662263_n.jpg,10,3
/Users/dongkyoo/Develop/gomson-tomcat-9/webapps/gomsonServer-0.0.1-SNAPSHOT/WEB-INF/classes/images/117117982_229755915192052_5028689099635467711_n.jpg,0,3
/Users/dongkyoo/Develop/gomson-tomcat-9/webapps/gomsonServer-0.0.1-SNAPSHOT/WEB-INF/classes/images/117334731_180066253528764_1677257267561483725_n.jpg,10,3
/Users/dongkyoo/Develop/gomson-tomcat-9/webapps/gomsonServer-0.0.1-SNAPSHOT/WEB-INF/classes/images/117380455_153103483095670_8117019265827288189_n.jpg,3,1
/Users/dongkyoo/Develop/gomson-tomcat-9/webapps/gomsonServer-0.0.1-SNAPSHOT/WEB-INF/classes/images/117242271_590524414936053_7432020966802084416_n.jpg,9,1
/Users/dongkyoo/Develop/gomson-tomcat-9/webapps/gomsonServer-0.0.1-SNAPSHOT/WEB-INF/classes/images/117171828_609589409559112_9093206324217314507_n.jpg,0,3
/Users/dongkyoo/Develop/gomson-tomcat-9/webapps/gomsonServer-0.0.1-SNAPSHOT/WEB-INF/classes/images/117437831_2572387293054407_1585913540884422151_n.jpg,10,2
/Users/dongkyoo/Develop/gomson-tomcat-9/webapps/gomsonServer-0.0.1-SNAPSHOT/WEB-INF/classes/images/117356313_583629738970681_1582619007199017292_n.jpg,10,2
/Users/dongkyoo/Develop/gomson-tomcat-9/webapps/gomsonServer-0.0.1-SNAPSHOT/WEB-INF/classes/images/83632651_2582286135338562_1804436322256186910_n.jpg,9,3
/Users/dongkyoo/Develop/gomson-tomcat-9/webapps/gomsonServer-0.0.1-SNAPSHOT/WEB-INF/classes/images/68686069_2332322137027988_1877223283484732445_n.jpg,9,0
/Users/dongkyoo/Develop/gomson-tomcat-9/webapps/gomsonServer-0.0.1-SNAPSHOT/WEB-INF/classes/images/117733739_161515768905099_6968962913539051439_n.jpg,3,4
/Users/dongkyoo/Develop/gomson-tomcat-9/webapps/gomsonServer-0.0.1-SNAPSHOT/WEB-INF/classes/images/117264488_3193977694027598_5580051507504821525_n.jpg,9,2
/Users/dongkyoo/Develop/gomson-tomcat-9/webapps/gomsonServer-0.0.1-SNAPSHOT/WEB-INF/classes/images/117412982_320353502495984_4205468036668936455_n.jpg,3,2
/Users/dongkyoo/Develop/gomson-tomcat-9/webapps/gomsonServer-0.0.1-SNAPSHOT/WEB-INF/classes/images/117106566_114762666835409_1993518349794236406_n.jpg,10,1
/Users/dongkyoo/Develop/gomson-tomcat-9/webapps/gomsonServer-0.0.1-SNAPSHOT/WEB-INF/classes/images/117194757_727043918135752_2538121297845982318_n.jpg,9,3
/Users/dongkyoo/Develop/gomson-tomcat-9/webapps/gomsonServer-0.0.1-SNAPSHOT/WEB-INF/classes/images/117102610_994910674276352_3588175428905168632_n.jpg,9,3
/Users/dongkyoo/Develop/gomson-tomcat-9/webapps/gomsonServer-0.0.1-SNAPSHOT/WEB-INF/classes/images/117401280_1678686082288830_6499566085256946089_n.jpg,9,2
/Users/dongkyoo/Develop/gomson-tomcat-9/webapps/gomsonServer-0.0.1-SNAPSHOT/WEB-INF/classes/images/117406444_192456705852690_8708991517952238369_n.jpg,2,3
/Users/dongkyoo/Develop/gomson-tomcat-9/webapps/gomsonServer-0.0.1-SNAPSHOT/WEB-INF/classes/images/117327929_160432608954084_2825954843100618025_n.jpg,10,4
/Users/dongkyoo/Develop/gomson-tomcat-9/webapps/gomsonServer-0.0.1-SNAPSHOT/WEB-INF/classes/images/117312647_941098079693190_3876257461151328937_n.jpg,0,2
/Users/dongkyoo/Develop/gomson-tomcat-9/webapps/gomsonServer-0.0.1-SNAPSHOT/WEB-INF/classes/images/117522442_727395834706704_6576842843079028996_n.jpg,3,3
/Users/dongkyoo/Develop/gomson-tomcat-9/webapps/gomsonServer-0.0.1-SNAPSHOT/WEB-INF/classes/images/117306428_2812452362318969_6529172420405309723_n.jpg,10,2
/Users/dongkyoo/Develop/gomson-tomcat-9/webapps/gomsonServer-0.0.1-SNAPSHOT/WEB-INF/classes/images/117308285_154415156300737_1433215423469528728_n.jpg,10,3
/Users/dongkyoo/Develop/gomson-tomcat-9/webapps/gomsonServer-0.0.1-SNAPSHOT/WEB-INF/classes/images/117293418_915025049001471_4529984775750184904_n.jpg,11,0
/Users/dongkyoo/Develop/gomson-tomcat-9/webapps/gomsonServer-0.0.1-SNAPSHOT/WEB-INF/classes/images/117225643_786330808801791_6031329244976054738_n.jpg,9,3
/Users/dongkyoo/Develop/gomson-tomcat-9/webapps/gomsonServer-0.0.1-SNAPSHOT/WEB-INF/classes/images/117428650_628772781081986_6636637770815623248_n.jpg,10,0
/Users/dongkyoo/Develop/gomson-tomcat-9/webapps/gomsonServer-0.0.1-SNAPSHOT/WEB-INF/classes/images/117186326_660360734823500_9028736194297972671_n.jpg,10,4
/Users/dongkyoo/Develop/gomson-tomcat-9/webapps/gomsonServer-0.0.1-SNAPSHOT/WEB-INF/classes/images/117123629_104324307999220_980875573774749254_n.jpg,10,2
/Users/dongkyoo/Develop/gomson-tomcat-9/webapps/gomsonServer-0.0.1-SNAPSHOT/WEB-INF/classes/images/117601016_327873401592694_5770952447772327528_n.jpg,10,2
/Users/dongkyoo/Develop/gomson-tomcat-9/webapps/gomsonServer-0.0.1-SNAPSHOT/WEB-INF/classes/images/117236777_171233081167126_5825683588725390216_n.jpg,3,3
/Users/dongkyoo/Develop/gomson-tomcat-9/webapps/gomsonServer-0.0.1-SNAPSHOT/WEB-INF/classes/images/117317762_3416267071771324_439196351637258987_n.jpg,10,3
/Users/dongkyoo/Develop/gomson-tomcat-9/webapps/gomsonServer-0.0.1-SNAPSHOT/WEB-INF/classes/images/109582224_772169150219527_6894002339464602290_n.jpg,9,2
/Users/dongkyoo/Develop/gomson-tomcat-9/webapps/gomsonServer-0.0.1-SNAPSHOT/WEB-INF/classes/images/117381822_3279514922095478_8748269404483158448_n.jpg,10,3
/Users/dongkyoo/Develop/gomson-tomcat-9/webapps/gomsonServer-0.0.1-SNAPSHOT/WEB-INF/classes/images/117204797_752675438828129_2494525481179759024_n.jpg,9,3
/Users/dongkyoo/Develop/gomson-tomcat-9/webapps/gomsonServer-0.0.1-SNAPSHOT/WEB-INF/classes/images/117774599_639448433368103_1838748001749371188_n.jpg,2,2
/Users/dongkyoo/Develop/gomson-tomcat-9/webapps/gomsonServer-0.0.1-SNAPSHOT/WEB-INF/classes/images/117196964_293622311738454_5853061461932451903_n.jpg,3,3
/Users/dongkyoo/Develop/gomson-tomcat-9/webapps/gomsonServer-0.0.1-SNAPSHOT/WEB-INF/classes/images/117236590_572296916771595_5319790262734533780_n.jpg,9,3
/Users/dongkyoo/Develop/gomson-tomcat-9/webapps/gomsonServer-0.0.1-SNAPSHOT/WEB-INF/classes/images/117058710_158173122515550_4450898459002129655_n.jpg,10,2
/Users/dongkyoo/Develop/gomson-tomcat-9/webapps/gomsonServer-0.0.1-SNAPSHOT/WEB-INF/classes/images/117293893_149071166825836_9098405809881447646_n.jpg,0,3
/Users/dongkyoo/Develop/gomson-tomcat-9/webapps/gomsonServer-0.0.1-SNAPSHOT/WEB-INF/classes/images/117521881_119694642936102_3659874250122456514_n.jpg,3,0
/Users/dongkyoo/Develop/gomson-tomcat-9/webapps/gomsonServer-0.0.1-SNAPSHOT/WEB-INF/classes/images/117306029_176024440713281_4340263038607918680_n.jpg,10,3
/Users/dongkyoo/Develop/gomson-tomcat-9/webapps/gomsonServer-0.0.1-SNAPSHOT/WEB-INF/classes/images/117387748_334614511064277_6446149738688072020_n.jpg,10,4
/Users/dongkyoo/Develop/gomson-tomcat-9/webapps/gomsonServer-0.0.1-SNAPSHOT/WEB-INF/classes/images/117292749_168686788115135_8651279155025651419_n.jpg,3,2
/Users/dongkyoo/Develop/gomson-tomcat-9/webapps/gomsonServer-0.0.1-SNAPSHOT/WEB-INF/classes/images/117282493_2016453851821798_6282766298553715569_n.jpg,9,1
/Users/dongkyoo/Develop/gomson-tomcat-9/webapps/gomsonServer-0.0.1-SNAPSHOT/WEB-INF/classes/images/91465386_510138789862837_8362547446404277576_n.jpg,10,4
/Users/dongkyoo/Develop/gomson-tomcat-9/webapps/gomsonServer-0.0.1-SNAPSHOT/WEB-INF/classes/images/117467223_2577246035919894_3747733321838240494_n.jpg,10,2
/Users/dongkyoo/Develop/gomson-tomcat-9/webapps/gomsonServer-0.0.1-SNAPSHOT/WEB-INF/classes/images/117603113_582298645988101_3982506039752644062_n.jpg,10,2
/Users/dongkyoo/Develop/gomson-tomcat-9/webapps/gomsonServer-0.0.1-SNAPSHOT/WEB-INF/classes/images/117210903_3132882833467454_7891468070445576884_n.jpg,9,1
/Users/dongkyoo/Develop/gomson-tomcat-9/webapps/gomsonServer-0.0.1-SNAPSHOT/WEB-INF/classes/images/117149641_627738241455232_7333532206068749064_n.jpg,3,3
/Users/dongkyoo/Develop/gomson-tomcat-9/webapps/gomsonServer-0.0.1-SNAPSHOT/WEB-INF/classes/images/117378889_293233191768718_4981974257976259386_n.jpg,0,2
/Users/dongkyoo/Develop/gomson-tomcat-9/webapps/gomsonServer-0.0.1-SNAPSHOT/WEB-INF/classes/images/117377900_504421500374767_8000086388528477160_n.jpg,9,3
/Users/dongkyoo/Develop/gomson-tomcat-9/webapps/gomsonServer-0.0.1-SNAPSHOT/WEB-INF/classes/images/115929091_1067132523684263_2815963322464227800_n.jpg,0,0
/Users/dongkyoo/Develop/gomson-tomcat-9/webapps/gomsonServer-0.0.1-SNAPSHOT/WEB-INF/classes/images/117275740_850566578808458_2448687759979108749_n.jpg,9,1
/Users/dongkyoo/Develop/gomson-tomcat-9/webapps/gomsonServer-0.0.1-SNAPSHOT/WEB-INF/classes/images/116484946_341713853884631_5784817533550699605_n.jpg,0,1
/Users/dongkyoo/Develop/gomson-tomcat-9/webapps/gomsonServer-0.0.1-SNAPSHOT/WEB-INF/classes/images/117113525_170156311217403_2969317759976782561_n.jpg,3,2
/Users/dongkyoo/Develop/gomson-tomcat-9/webapps/gomsonServer-0.0.1-SNAPSHOT/WEB-INF/classes/images/117425488_295917288145418_2740199205195001609_n.jpg,10,3
/Users/dongkyoo/Develop/gomson-tomcat-9/webapps/gomsonServer-0.0.1-SNAPSHOT/WEB-INF/classes/images/117101927_700259314033557_7949277944149944818_n.jpg,10,2
/Users/dongkyoo/Develop/gomson-tomcat-9/webapps/gomsonServer-0.0.1-SNAPSHOT/WEB-INF/classes/images/117349792_154798612927718_6354630612352641699_n.jpg,10,3
/Users/dongkyoo/Develop/gomson-tomcat-9/webapps/gomsonServer-0.0.1-SNAPSHOT/WEB-INF/classes/images/117412235_1228949960779974_2963809710128858626_n.jpg,3,2
/Users/dongkyoo/Develop/gomson-tomcat-9/webapps/gomsonServer-0.0.1-SNAPSHOT/WEB-INF/classes/images/117314652_119661873177416_181307864610537961_n.jpg,10,3
/Users/dongkyoo/Develop/gomson-tomcat-9/webapps/gomsonServer-0.0.1-SNAPSHOT/WEB-INF/classes/images/117255333_131075132018074_6501029608649286104_n.jpg,9,0
/Users/dongkyoo/Develop/gomson-tomcat-9/webapps/gomsonServer-0.0.1-SNAPSHOT/WEB-INF/classes/images/117333077_316570112875146_853205324513636837_n.jpg,10,3
/Users/dongkyoo/Develop/gomson-tomcat-9/webapps/gomsonServer-0.0.1-SNAPSHOT/WEB-INF/classes/images/117592241_330396665032894_9102851918221264600_n.jpg,10,3
/Users/dongkyoo/Develop/gomson-tomcat-9/webapps/gomsonServer-0.0.1-SNAPSHOT/WEB-INF/classes/images/117591437_325630405349001_4477453837505156539_n.jpg,10,3
/Users/dongkyoo/Develop/gomson-tomcat-9/webapps/gomsonServer-0.0.1-SNAPSHOT/WEB-INF/classes/images/117523505_734727550433996_1843639256549199013_n.jpg,0,0
/Users/dongkyoo/Develop/gomson-tomcat-9/webapps/gomsonServer-0.0.1-SNAPSHOT/WEB-INF/classes/images/117193522_346255643201385_7290997061517485671_n.jpg,9,2
/Users/dongkyoo/Develop/gomson-tomcat-9/webapps/gomsonServer-0.0.1-SNAPSHOT/WEB-INF/classes/images/117328451_314449309706319_4260019400834502746_n.jpg,10,0
/Users/dongkyoo/Develop/gomson-tomcat-9/webapps/gomsonServer-0.0.1-SNAPSHOT/WEB-INF/classes/images/117194758_219191972789799_7709935304077363211_n.jpg,10,2
/Users/dongkyoo/Develop/gomson-tomcat-9/webapps/gomsonServer-0.0.1-SNAPSHOT/WEB-INF/classes/images/117290518_306646487210374_5114041384224569881_n.jpg,10,3
/Users/dongkyoo/Develop/gomson-tomcat-9/webapps/gomsonServer-0.0.1-SNAPSHOT/WEB-INF/classes/images/117309848_300117121075478_2460544677647139478_n.jpg,9,2
/Users/dongkyoo/Develop/gomson-tomcat-9/webapps/gomsonServer-0.0.1-SNAPSHOT/WEB-INF/classes/images/117580876_3060508857331352_2776751975348252889_n.jpg,10,0
/Users/dongkyoo/Develop/gomson-tomcat-9/webapps/gomsonServer-0.0.1-SNAPSHOT/WEB-INF/classes/images/117316958_170599541183192_7031317269485796678_n.jpg,10,3
/Users/dongkyoo/Develop/gomson-tomcat-9/webapps/gomsonServer-0.0.1-SNAPSHOT/WEB-INF/classes/images/117115033_134676474967272_5277757182742909806_n.jpg,10,2
/Users/dongkyoo/Develop/gomson-tomcat-9/webapps/gomsonServer-0.0.1-SNAPSHOT/WEB-INF/classes/images/117413978_665628504163543_6268848440457376946_n.jpg,0,2
/Users/dongkyoo/Develop/gomson-tomcat-9/webapps/gomsonServer-0.0.1-SNAPSHOT/WEB-INF/classes/images/117165728_1951696171634565_1579877231078403917_n.jpg,10,3
/Users/dongkyoo/Develop/gomson-tomcat-9/webapps/gomsonServer-0.0.1-SNAPSHOT/WEB-INF/classes/images/117272159_1197727813924059_2812366317604095969_n.jpg,0,2
/Users/dongkyoo/Develop/gomson-tomcat-9/webapps/gomsonServer-0.0.1-SNAPSHOT/WEB-INF/classes/images/117323211_710888509754728_7400591289724234610_n.jpg,3,2
/Users/dongkyoo/Develop/gomson-tomcat-9/webapps/gomsonServer-0.0.1-SNAPSHOT/WEB-INF/classes/images/117612995_1424794864371662_3313053509418910050_n.jpg,10,2
/Users/dongkyoo/Develop/gomson-tomcat-9/webapps/gomsonServer-0.0.1-SNAPSHOT/WEB-INF/classes/images/117431036_301129584666805_2370514864019340494_n.jpg,10,1
/Users/dongkyoo/Develop/gomson-tomcat-9/webapps/gomsonServer-0.0.1-SNAPSHOT/WEB-INF/classes/images/117429196_358176435579159_2983692756011243848_n.jpg,10,3
/Users/dongkyoo/Develop/gomson-tomcat-9/webapps/gomsonServer-0.0.1-SNAPSHOT/WEB-INF/classes/images/117294087_220914799277164_661170389558510634_n.jpg,10,3
/Users/dongkyoo/Develop/gomson-tomcat-9/webapps/gomsonServer-0.0.1-SNAPSHOT/WEB-INF/classes/images/117194506_2359248354381733_4605407091928552384_n.jpg,3,1
/Users/dongkyoo/Develop/gomson-tomcat-9/webapps/gomsonServer-0.0.1-SNAPSHOT/WEB-INF/classes/images/117126799_121839829348426_8556024098296739170_n.jpg,10,2
/Users/dongkyoo/Develop/gomson-tomcat-9/webapps/gomsonServer-0.0.1-SNAPSHOT/WEB-INF/classes/images/117225253_2424442941192130_8818994777803354015_n.jpg,0,2
/Users/dongkyoo/Develop/gomson-tomcat-9/webapps/gomsonServer-0.0.1-SNAPSHOT/WEB-INF/classes/images/117642803_337312607303977_2242163552870238298_n.jpg,10,2
/Users/dongkyoo/Develop/gomson-tomcat-9/webapps/gomsonServer-0.0.1-SNAPSHOT/WEB-INF/classes/images/117307859_1162667790774961_6194840618798620772_n.jpg,10,1
/Users/dongkyoo/Develop/gomson-tomcat-9/webapps/gomsonServer-0.0.1-SNAPSHOT/WEB-INF/classes/images/117311780_669199237028331_1974347577139881425_n.jpg,9,2
/Users/dongkyoo/Develop/gomson-tomcat-9/webapps/gomsonServer-0.0.1-SNAPSHOT/WEB-INF/classes/images/117253965_2778230605835870_5812671352581540403_n.jpg,3,3
/Users/dongkyoo/Develop/gomson-tomcat-9/webapps/gomsonServer-0.0.1-SNAPSHOT/WEB-INF/classes/images/101551633_703745387092485_5589691085655720361_n.jpg,9,0
/Users/dongkyoo/Develop/gomson-tomcat-9/webapps/gomsonServer-0.0.1-SNAPSHOT/WEB-INF/classes/images/117375806_178195180469884_8214109375282858430_n.jpg,0,2
/Users/dongkyoo/Develop/gomson-tomcat-9/webapps/gomsonServer-0.0.1-SNAPSHOT/WEB-INF/classes/images/117631727_342166907160843_3653537053927371903_n.jpg,9,1
/Users/dongkyoo/Develop/gomson-tomcat-9/webapps/gomsonServer-0.0.1-SNAPSHOT/WEB-INF/classes/images/114898191_309973530194839_5040098306762374584_n.jpg,0,1
/Users/dongkyoo/Develop/gomson-tomcat-9/webapps/gomsonServer-0.0.1-SNAPSHOT/WEB-INF/classes/images/117395783_595125421194169_4685175416971892554_n.jpg,9,2
/Users/dongkyoo/Develop/gomson-tomcat-9/webapps/gomsonServer-0.0.1-SNAPSHOT/WEB-INF/classes/images/117324124_677911829481475_4821386151871998917_n.jpg,9,2
/Users/dongkyoo/Develop/gomson-tomcat-9/webapps/gomsonServer-0.0.1-SNAPSHOT/WEB-INF/classes/images/117500116_339998467181172_2429181678566031259_n.jpg,10,3
/Users/dongkyoo/Develop/gomson-tomcat-9/webapps/gomsonServer-0.0.1-SNAPSHOT/WEB-INF/classes/images/117539130_2592142387717995_428795899099116667_n.jpg,0,2
/Users/dongkyoo/Develop/gomson-tomcat-9/webapps/gomsonServer-0.0.1-SNAPSHOT/WEB-INF/classes/images/117330535_343258303358361_8187642485177289147_n.jpg,9,0
/Users/dongkyoo/Develop/gomson-tomcat-9/webapps/gomsonServer-0.0.1-SNAPSHOT/WEB-INF/classes/images/117618146_1326658154207670_526687764608365505_n.jpg,10,2
/Users/dongkyoo/Develop/gomson-tomcat-9/webapps/gomsonServer-0.0.1-SNAPSHOT/WEB-INF/classes/images/117394772_112396040436103_1667067381266303754_n.jpg,10,1
/Users/dongkyoo/Develop/gomson-tomcat-9/webapps/gomsonServer-0.0.1-SNAPSHOT/WEB-INF/classes/images/117400018_4496456383699693_2514433742348577700_n.jpg,9,0
/Users/dongkyoo/Develop/gomson-tomcat-9/webapps/gomsonServer-0.0.1-SNAPSHOT/WEB-INF/classes/images/117531981_150157563394746_2317160151808060152_n.jpg,10,3
/Users/dongkyoo/Develop/gomson-tomcat-9/webapps/gomsonServer-0.0.1-SNAPSHOT/WEB-INF/classes/images/117284525_1139526599754689_7626384983568412589_n.jpg,9,2
